mean_fit_time,std_fit_time,mean_score_time,std_score_time,param_max_depth,param_max_leaf_nodes,param_min_samples_leaf,param_min_samples_split,params,split0_test_score,split1_test_score,split2_test_score,split3_test_score,split4_test_score,mean_test_score,std_test_score,rank_test_score
31.601034069061278,1.39401489409476,0.05524148941040039,0.0036924647257918384,3,5,1,2,"{'max_depth': 3, 'max_leaf_nodes': 5, 'min_samples_leaf': 1, 'min_samples_split': 2}",0.2053,0.2068,0.2016,0.2061,0.2103,0.20602,0.0027924183067728186,73
31.319761419296263,1.5266510297792113,0.06811747550964356,0.014186608551617292,3,5,1,5,"{'max_depth': 3, 'max_leaf_nodes': 5, 'min_samples_leaf': 1, 'min_samples_split': 5}",0.2053,0.2068,0.2016,0.2061,0.2103,0.20602,0.0027924183067728186,73
32.26381378173828,0.8407234193413514,0.06130380630493164,0.009370887066102472,3,5,1,10,"{'max_depth': 3, 'max_leaf_nodes': 5, 'min_samples_leaf': 1, 'min_samples_split': 10}",0.2053,0.2068,0.2016,0.2061,0.2103,0.20602,0.0027924183067728186,73
32.225743198394774,1.3368499372251645,0.06782302856445313,0.011003038053606891,3,5,2,2,"{'max_depth': 3, 'max_leaf_nodes': 5, 'min_samples_leaf': 2, 'min_samples_split': 2}",0.2053,0.2068,0.2016,0.2061,0.2103,0.20602,0.0027924183067728186,73
31.187369298934936,1.2670246407179626,0.061931514739990236,0.013598177713356203,3,5,2,5,"{'max_depth': 3, 'max_leaf_nodes': 5, 'min_samples_leaf': 2, 'min_samples_split': 5}",0.2053,0.2068,0.2016,0.2061,0.2103,0.20602,0.0027924183067728186,73
30.212542486190795,0.9316395715247268,0.04262323379516601,0.007718797221090539,3,5,2,10,"{'max_depth': 3, 'max_leaf_nodes': 5, 'min_samples_leaf': 2, 'min_samples_split': 10}",0.2053,0.2068,0.2016,0.2061,0.2103,0.20602,0.0027924183067728186,73
30.380469036102294,0.6519848316974912,0.04365758895874024,0.0050168628900342585,3,5,4,2,"{'max_depth': 3, 'max_leaf_nodes': 5, 'min_samples_leaf': 4, 'min_samples_split': 2}",0.2053,0.2068,0.2016,0.2061,0.2103,0.20602,0.0027924183067728186,73
30.56266565322876,0.4680272856230945,0.04949827194213867,0.015287016198807193,3,5,4,5,"{'max_depth': 3, 'max_leaf_nodes': 5, 'min_samples_leaf': 4, 'min_samples_split': 5}",0.2053,0.2068,0.2016,0.2061,0.2103,0.20602,0.0027924183067728186,73
30.58862509727478,0.5013558361709927,0.05313119888305664,0.005300865460761884,3,5,4,10,"{'max_depth': 3, 'max_leaf_nodes': 5, 'min_samples_leaf': 4, 'min_samples_split': 10}",0.2053,0.2068,0.2016,0.2061,0.2103,0.20602,0.0027924183067728186,73
30.545606470108034,0.8543393063094096,0.04851002693176269,0.006672792012853888,3,10,1,2,"{'max_depth': 3, 'max_leaf_nodes': 10, 'min_samples_leaf': 1, 'min_samples_split': 2}",0.2261,0.2282,0.2277,0.2295,0.2315,0.2286,0.001813284313062907,55
29.8788969039917,0.676804975691162,0.04238758087158203,0.006498138553402086,3,10,1,5,"{'max_depth': 3, 'max_leaf_nodes': 10, 'min_samples_leaf': 1, 'min_samples_split': 5}",0.2261,0.2282,0.2277,0.2295,0.2315,0.2286,0.001813284313062907,55
30.695345830917358,0.6108178049372784,0.04533257484436035,0.0034083993278574147,3,10,1,10,"{'max_depth': 3, 'max_leaf_nodes': 10, 'min_samples_leaf': 1, 'min_samples_split': 10}",0.2261,0.2282,0.2277,0.2295,0.2315,0.2286,0.001813284313062907,55
30.543940591812134,0.45465926795801864,0.0492438793182373,0.0059309076496093715,3,10,2,2,"{'max_depth': 3, 'max_leaf_nodes': 10, 'min_samples_leaf': 2, 'min_samples_split': 2}",0.2261,0.2282,0.2277,0.2295,0.2315,0.2286,0.001813284313062907,55
30.88774719238281,0.2042077806740251,0.04995417594909668,0.002627779384825279,3,10,2,5,"{'max_depth': 3, 'max_leaf_nodes': 10, 'min_samples_leaf': 2, 'min_samples_split': 5}",0.2261,0.2282,0.2277,0.2295,0.2315,0.2286,0.001813284313062907,55
30.20685486793518,0.8682287190267489,0.04551115036010742,0.005808774397582511,3,10,2,10,"{'max_depth': 3, 'max_leaf_nodes': 10, 'min_samples_leaf': 2, 'min_samples_split': 10}",0.2261,0.2282,0.2277,0.2295,0.2315,0.2286,0.001813284313062907,55
30.25877728462219,0.7591805429046005,0.041705751419067384,0.004345946020742925,3,10,4,2,"{'max_depth': 3, 'max_leaf_nodes': 10, 'min_samples_leaf': 4, 'min_samples_split': 2}",0.2261,0.2282,0.2277,0.2295,0.2315,0.2286,0.001813284313062907,55
30.89946303367615,0.4384434932765256,0.04637899398803711,0.008320702134850047,3,10,4,5,"{'max_depth': 3, 'max_leaf_nodes': 10, 'min_samples_leaf': 4, 'min_samples_split': 5}",0.2261,0.2282,0.2277,0.2295,0.2315,0.2286,0.001813284313062907,55
30.54381070137024,0.5260326989117565,0.04956154823303223,0.010746104946972333,3,10,4,10,"{'max_depth': 3, 'max_leaf_nodes': 10, 'min_samples_leaf': 4, 'min_samples_split': 10}",0.2261,0.2282,0.2277,0.2295,0.2315,0.2286,0.001813284313062907,55
31.230546045303345,0.17124598251099868,0.045267915725708006,0.00214119830933398,3,,1,2,"{'max_depth': 3, 'max_leaf_nodes': None, 'min_samples_leaf': 1, 'min_samples_split': 2}",0.2261,0.2282,0.2277,0.2295,0.2315,0.2286,0.001813284313062907,55
29.76412706375122,0.48907330514734976,0.045964288711547854,0.005393137115759397,3,,1,5,"{'max_depth': 3, 'max_leaf_nodes': None, 'min_samples_leaf': 1, 'min_samples_split': 5}",0.2261,0.2282,0.2277,0.2295,0.2315,0.2286,0.001813284313062907,55
30.36682152748108,0.9171989077168424,0.04048938751220703,0.005978887719599035,3,,1,10,"{'max_depth': 3, 'max_leaf_nodes': None, 'min_samples_leaf': 1, 'min_samples_split': 10}",0.2261,0.2282,0.2277,0.2295,0.2315,0.2286,0.001813284313062907,55
30.82389941215515,0.20534298204339058,0.039605140686035156,0.004234059337958916,3,,2,2,"{'max_depth': 3, 'max_leaf_nodes': None, 'min_samples_leaf': 2, 'min_samples_split': 2}",0.2261,0.2282,0.2277,0.2295,0.2315,0.2286,0.001813284313062907,55
31.035633182525636,0.11013296498755137,0.056618690490722656,0.007156609836788918,3,,2,5,"{'max_depth': 3, 'max_leaf_nodes': None, 'min_samples_leaf': 2, 'min_samples_split': 5}",0.2261,0.2282,0.2277,0.2295,0.2315,0.2286,0.001813284313062907,55
31.080452537536623,0.7753598163750753,0.04917058944702148,0.0022556633546094466,3,,2,10,"{'max_depth': 3, 'max_leaf_nodes': None, 'min_samples_leaf': 2, 'min_samples_split': 10}",0.2261,0.2282,0.2277,0.2295,0.2315,0.2286,0.001813284313062907,55
29.712062454223634,0.6961647513324942,0.0415618896484375,0.004465646545720651,3,,4,2,"{'max_depth': 3, 'max_leaf_nodes': None, 'min_samples_leaf': 4, 'min_samples_split': 2}",0.2261,0.2282,0.2277,0.2295,0.2315,0.2286,0.001813284313062907,55
30.54455828666687,1.0095276518025533,0.040830469131469725,0.00207184488997256,3,,4,5,"{'max_depth': 3, 'max_leaf_nodes': None, 'min_samples_leaf': 4, 'min_samples_split': 5}",0.2261,0.2282,0.2277,0.2295,0.2315,0.2286,0.001813284313062907,55
30.875809621810912,0.5475947670670779,0.04209756851196289,0.004418887368419673,3,,4,10,"{'max_depth': 3, 'max_leaf_nodes': None, 'min_samples_leaf': 4, 'min_samples_split': 10}",0.2261,0.2282,0.2277,0.2295,0.2315,0.2286,0.001813284313062907,55
33.391927814483644,0.605357615367543,0.04242639541625977,0.004947777228760783,6,5,1,2,"{'max_depth': 6, 'max_leaf_nodes': 5, 'min_samples_leaf': 1, 'min_samples_split': 2}",0.2053,0.2068,0.2016,0.2061,0.2103,0.20602,0.0027924183067728186,73
33.37458472251892,0.6474140843245282,0.04208064079284668,0.002898278734676428,6,5,1,5,"{'max_depth': 6, 'max_leaf_nodes': 5, 'min_samples_leaf': 1, 'min_samples_split': 5}",0.2053,0.2068,0.2016,0.2061,0.2103,0.20602,0.0027924183067728186,73
32.385553979873656,0.6890882219001382,0.04178986549377441,0.004247835414552094,6,5,1,10,"{'max_depth': 6, 'max_leaf_nodes': 5, 'min_samples_leaf': 1, 'min_samples_split': 10}",0.2053,0.2068,0.2016,0.2061,0.2103,0.20602,0.0027924183067728186,73
33.204761266708374,0.98653915138665,0.034909725189208984,0.004285775429256973,6,5,2,2,"{'max_depth': 6, 'max_leaf_nodes': 5, 'min_samples_leaf': 2, 'min_samples_split': 2}",0.2053,0.2068,0.2016,0.2061,0.2103,0.20602,0.0027924183067728186,73
33.18254981040955,0.545487449165043,0.03740191459655762,0.0027418023689700973,6,5,2,5,"{'max_depth': 6, 'max_leaf_nodes': 5, 'min_samples_leaf': 2, 'min_samples_split': 5}",0.2053,0.2068,0.2016,0.2061,0.2103,0.20602,0.0027924183067728186,73
33.538880825042725,0.6312421545685559,0.04258542060852051,0.0040568350624664296,6,5,2,10,"{'max_depth': 6, 'max_leaf_nodes': 5, 'min_samples_leaf': 2, 'min_samples_split': 10}",0.2053,0.2068,0.2016,0.2061,0.2103,0.20602,0.0027924183067728186,73
33.055411672592165,0.7040842511239438,0.045897912979125974,0.006965351773602307,6,5,4,2,"{'max_depth': 6, 'max_leaf_nodes': 5, 'min_samples_leaf': 4, 'min_samples_split': 2}",0.2053,0.2068,0.2016,0.2061,0.2103,0.20602,0.0027924183067728186,73
33.014763832092285,1.0572610929548663,0.044108009338378905,0.002037081555210015,6,5,4,5,"{'max_depth': 6, 'max_leaf_nodes': 5, 'min_samples_leaf': 4, 'min_samples_split': 5}",0.2053,0.2068,0.2016,0.2061,0.2103,0.20602,0.0027924183067728186,73
33.171068000793454,0.7148449135233964,0.03449716567993164,0.002651636839594224,6,5,4,10,"{'max_depth': 6, 'max_leaf_nodes': 5, 'min_samples_leaf': 4, 'min_samples_split': 10}",0.2053,0.2068,0.2016,0.2061,0.2103,0.20602,0.0027924183067728186,73
47.03877720832825,0.9600148502749072,0.035633277893066403,0.0051250529932490175,6,10,1,2,"{'max_depth': 6, 'max_leaf_nodes': 10, 'min_samples_leaf': 1, 'min_samples_split': 2}",0.237,0.2379,0.2346,0.2404,0.2442,0.23881999999999998,0.0032682717145304805,28
47.53191323280335,0.6232806008964297,0.034998083114624025,0.0034085967031317567,6,10,1,5,"{'max_depth': 6, 'max_leaf_nodes': 10, 'min_samples_leaf': 1, 'min_samples_split': 5}",0.237,0.2379,0.2346,0.2404,0.2442,0.23881999999999998,0.0032682717145304805,28
46.548270559310915,1.2357990680107993,0.03873467445373535,0.006169507603458271,6,10,1,10,"{'max_depth': 6, 'max_leaf_nodes': 10, 'min_samples_leaf': 1, 'min_samples_split': 10}",0.237,0.2379,0.2346,0.2404,0.2442,0.23881999999999998,0.0032682717145304805,28
47.01649804115296,1.278111199384735,0.03456439971923828,0.004867951571096384,6,10,2,2,"{'max_depth': 6, 'max_leaf_nodes': 10, 'min_samples_leaf': 2, 'min_samples_split': 2}",0.237,0.2379,0.2346,0.2404,0.2442,0.23881999999999998,0.0032682717145304805,28
47.49009637832641,0.44639122969705064,0.034281158447265626,0.005483302848172539,6,10,2,5,"{'max_depth': 6, 'max_leaf_nodes': 10, 'min_samples_leaf': 2, 'min_samples_split': 5}",0.237,0.2379,0.2346,0.2404,0.2442,0.23881999999999998,0.0032682717145304805,28
46.441065549850464,1.1689365160623584,0.03778071403503418,0.0037442461263709334,6,10,2,10,"{'max_depth': 6, 'max_leaf_nodes': 10, 'min_samples_leaf': 2, 'min_samples_split': 10}",0.237,0.2379,0.2346,0.2404,0.2442,0.23881999999999998,0.0032682717145304805,28
47.007112455368045,0.8455753839906321,0.03706436157226563,0.0055578455792313535,6,10,4,2,"{'max_depth': 6, 'max_leaf_nodes': 10, 'min_samples_leaf': 4, 'min_samples_split': 2}",0.237,0.2379,0.2346,0.2404,0.2442,0.23881999999999998,0.0032682717145304805,28
46.92633948326111,1.025350689685363,0.03096041679382324,0.004193169248025165,6,10,4,5,"{'max_depth': 6, 'max_leaf_nodes': 10, 'min_samples_leaf': 4, 'min_samples_split': 5}",0.237,0.2379,0.2346,0.2404,0.2442,0.23881999999999998,0.0032682717145304805,28
46.53191018104553,0.841083927359075,0.03367581367492676,0.004169939177999671,6,10,4,10,"{'max_depth': 6, 'max_leaf_nodes': 10, 'min_samples_leaf': 4, 'min_samples_split': 10}",0.237,0.2379,0.2346,0.2404,0.2442,0.23881999999999998,0.0032682717145304805,28
71.6321702003479,0.9734301308348585,0.02636122703552246,0.00551070925330495,6,,1,2,"{'max_depth': 6, 'max_leaf_nodes': None, 'min_samples_leaf': 1, 'min_samples_split': 2}",0.2645,0.2706,0.2624,0.2739,0.2733,0.26894,0.004665876123516339,19
71.26817488670349,0.47612001896608874,0.034466552734375,0.008858555251458868,6,,1,5,"{'max_depth': 6, 'max_leaf_nodes': None, 'min_samples_leaf': 1, 'min_samples_split': 5}",0.2645,0.2706,0.2624,0.2739,0.2733,0.26894,0.004665876123516339,19
71.21481819152832,0.5843296087303993,0.03854789733886719,0.007238125282098835,6,,1,10,"{'max_depth': 6, 'max_leaf_nodes': None, 'min_samples_leaf': 1, 'min_samples_split': 10}",0.2645,0.2706,0.2624,0.2739,0.2733,0.26894,0.004665876123516339,19
70.60646357536316,0.5781335403844766,0.029752492904663086,0.0052993562231914565,6,,2,2,"{'max_depth': 6, 'max_leaf_nodes': None, 'min_samples_leaf': 2, 'min_samples_split': 2}",0.2645,0.2706,0.2624,0.2739,0.2733,0.26894,0.004665876123516339,19
70.62502064704896,0.4158446577071475,0.03090505599975586,0.006370715031581023,6,,2,5,"{'max_depth': 6, 'max_leaf_nodes': None, 'min_samples_leaf': 2, 'min_samples_split': 5}",0.2645,0.2706,0.2624,0.2739,0.2733,0.26894,0.004665876123516339,19
70.84939403533936,0.7331995420054641,0.035357427597045896,0.007462026628794696,6,,2,10,"{'max_depth': 6, 'max_leaf_nodes': None, 'min_samples_leaf': 2, 'min_samples_split': 10}",0.2645,0.2706,0.2624,0.2739,0.2733,0.26894,0.004665876123516339,19
70.96253075599671,0.7572649846758412,0.029182958602905273,0.005411014580870082,6,,4,2,"{'max_depth': 6, 'max_leaf_nodes': None, 'min_samples_leaf': 4, 'min_samples_split': 2}",0.2645,0.2706,0.2624,0.2739,0.2733,0.26894,0.004665876123516339,19
70.57582511901856,0.6709451996476734,0.03875765800476074,0.004657063420601857,6,,4,5,"{'max_depth': 6, 'max_leaf_nodes': None, 'min_samples_leaf': 4, 'min_samples_split': 5}",0.2645,0.2706,0.2624,0.2739,0.2733,0.26894,0.004665876123516339,19
71.17335600852967,0.5563713495133144,0.040246105194091795,0.009967013408972838,6,,4,10,"{'max_depth': 6, 'max_leaf_nodes': None, 'min_samples_leaf': 4, 'min_samples_split': 10}",0.2645,0.2706,0.2624,0.2739,0.2733,0.26894,0.004665876123516339,19
31.494670486450197,0.3808689955493599,0.028091955184936523,0.006955192368443168,9,5,1,2,"{'max_depth': 9, 'max_leaf_nodes': 5, 'min_samples_leaf': 1, 'min_samples_split': 2}",0.2053,0.2068,0.2016,0.2061,0.2103,0.20602,0.0027924183067728186,73
32.7403642654419,0.9995350413755385,0.038071823120117185,0.006667099487622311,9,5,1,5,"{'max_depth': 9, 'max_leaf_nodes': 5, 'min_samples_leaf': 1, 'min_samples_split': 5}",0.2053,0.2068,0.2016,0.2061,0.2103,0.20602,0.0027924183067728186,73
33.33447995185852,0.23745323074231656,0.039032268524169925,0.004319722403907676,9,5,1,10,"{'max_depth': 9, 'max_leaf_nodes': 5, 'min_samples_leaf': 1, 'min_samples_split': 10}",0.2053,0.2068,0.2016,0.2061,0.2103,0.20602,0.0027924183067728186,73
32.52161741256714,1.259258386257759,0.04064035415649414,0.005340115371902791,9,5,2,2,"{'max_depth': 9, 'max_leaf_nodes': 5, 'min_samples_leaf': 2, 'min_samples_split': 2}",0.2053,0.2068,0.2016,0.2061,0.2103,0.20602,0.0027924183067728186,73
33.10145411491394,1.3097869450546604,0.04227237701416016,0.0042325231630413376,9,5,2,5,"{'max_depth': 9, 'max_leaf_nodes': 5, 'min_samples_leaf': 2, 'min_samples_split': 5}",0.2053,0.2068,0.2016,0.2061,0.2103,0.20602,0.0027924183067728186,73
32.92386965751648,1.057067457096187,0.04142289161682129,0.003817133472476522,9,5,2,10,"{'max_depth': 9, 'max_leaf_nodes': 5, 'min_samples_leaf': 2, 'min_samples_split': 10}",0.2053,0.2068,0.2016,0.2061,0.2103,0.20602,0.0027924183067728186,73
33.423990678787234,1.2719172104525307,0.048080968856811526,0.00328894257354816,9,5,4,2,"{'max_depth': 9, 'max_leaf_nodes': 5, 'min_samples_leaf': 4, 'min_samples_split': 2}",0.2053,0.2068,0.2016,0.2061,0.2103,0.20602,0.0027924183067728186,73
33.49429965019226,0.94389426068339,0.04310774803161621,0.0063816918615825025,9,5,4,5,"{'max_depth': 9, 'max_leaf_nodes': 5, 'min_samples_leaf': 4, 'min_samples_split': 5}",0.2053,0.2068,0.2016,0.2061,0.2103,0.20602,0.0027924183067728186,73
33.260599088668826,1.2593110571540058,0.04652547836303711,0.004013728385647152,9,5,4,10,"{'max_depth': 9, 'max_leaf_nodes': 5, 'min_samples_leaf': 4, 'min_samples_split': 10}",0.2053,0.2068,0.2016,0.2061,0.2103,0.20602,0.0027924183067728186,73
47.446398210525516,1.0927274795007806,0.03214592933654785,0.006004067714463546,9,10,1,2,"{'max_depth': 9, 'max_leaf_nodes': 10, 'min_samples_leaf': 1, 'min_samples_split': 2}",0.237,0.2379,0.2346,0.2404,0.2442,0.23881999999999998,0.0032682717145304805,28
47.05423803329468,0.47342230609386204,0.03539886474609375,0.004531785435229945,9,10,1,5,"{'max_depth': 9, 'max_leaf_nodes': 10, 'min_samples_leaf': 1, 'min_samples_split': 5}",0.237,0.2379,0.2346,0.2404,0.2442,0.23881999999999998,0.0032682717145304805,28
47.62143297195435,1.0993529109552762,0.035735273361206056,0.006827874500543529,9,10,1,10,"{'max_depth': 9, 'max_leaf_nodes': 10, 'min_samples_leaf': 1, 'min_samples_split': 10}",0.237,0.2379,0.2346,0.2404,0.2442,0.23881999999999998,0.0032682717145304805,28
46.682258462905885,0.7890312529986115,0.05022516250610352,0.005865647983261284,9,10,2,2,"{'max_depth': 9, 'max_leaf_nodes': 10, 'min_samples_leaf': 2, 'min_samples_split': 2}",0.237,0.2379,0.2346,0.2404,0.2442,0.23881999999999998,0.0032682717145304805,28
46.91094732284546,0.8649462875974069,0.044657135009765626,0.004543241148891332,9,10,2,5,"{'max_depth': 9, 'max_leaf_nodes': 10, 'min_samples_leaf': 2, 'min_samples_split': 5}",0.237,0.2379,0.2346,0.2404,0.2442,0.23881999999999998,0.0032682717145304805,28
47.036180114746095,0.8894004905952674,0.03691654205322266,0.006797971990292749,9,10,2,10,"{'max_depth': 9, 'max_leaf_nodes': 10, 'min_samples_leaf': 2, 'min_samples_split': 10}",0.237,0.2379,0.2346,0.2404,0.2442,0.23881999999999998,0.0032682717145304805,28
47.74950695037842,0.44092388166709084,0.03675742149353027,0.0033552952935588,9,10,4,2,"{'max_depth': 9, 'max_leaf_nodes': 10, 'min_samples_leaf': 4, 'min_samples_split': 2}",0.237,0.2379,0.2346,0.2404,0.2442,0.23881999999999998,0.0032682717145304805,28
46.5967791557312,1.0063539131686037,0.0404606819152832,0.007987080973225365,9,10,4,5,"{'max_depth': 9, 'max_leaf_nodes': 10, 'min_samples_leaf': 4, 'min_samples_split': 5}",0.237,0.2379,0.2346,0.2404,0.2442,0.23881999999999998,0.0032682717145304805,28
46.84729838371277,0.7458489971776737,0.03826375007629394,0.003878836546774364,9,10,4,10,"{'max_depth': 9, 'max_leaf_nodes': 10, 'min_samples_leaf': 4, 'min_samples_split': 10}",0.237,0.2379,0.2346,0.2404,0.2442,0.23881999999999998,0.0032682717145304805,28
146.69890389442443,1.6096568416128172,0.026053190231323242,0.004591453193006003,9,,1,2,"{'max_depth': 9, 'max_leaf_nodes': None, 'min_samples_leaf': 1, 'min_samples_split': 2}",0.2908,0.2866,0.2872,0.2947,0.2922,0.2903,0.003050245891727419,7
145.38095951080322,1.9770866461658003,0.030774688720703124,0.006000370739518572,9,,1,5,"{'max_depth': 9, 'max_leaf_nodes': None, 'min_samples_leaf': 1, 'min_samples_split': 5}",0.2903,0.2867,0.2866,0.2949,0.2925,0.29019999999999996,0.0032434549480453603,9
145.79156455993652,1.8763534302335794,0.03430805206298828,0.007849162037364524,9,,1,10,"{'max_depth': 9, 'max_leaf_nodes': None, 'min_samples_leaf': 1, 'min_samples_split': 10}",0.291,0.2871,0.2875,0.2948,0.2924,0.29056000000000004,0.002928890574944718,2
144.32281107902526,1.8561026828115283,0.031237316131591798,0.007562334762055107,9,,2,2,"{'max_depth': 9, 'max_leaf_nodes': None, 'min_samples_leaf': 2, 'min_samples_split': 2}",0.2911,0.2866,0.2866,0.2949,0.2927,0.29037999999999997,0.0033138497250177097,4
143.56327333450318,1.6394633375097956,0.0355567455291748,0.010343678069137717,9,,2,5,"{'max_depth': 9, 'max_leaf_nodes': None, 'min_samples_leaf': 2, 'min_samples_split': 5}",0.2907,0.2871,0.2878,0.295,0.2923,0.29058,0.002910257720546403,1
144.71465888023377,2.5713855432346024,0.0320624828338623,0.006398778859244914,9,,2,10,"{'max_depth': 9, 'max_leaf_nodes': None, 'min_samples_leaf': 2, 'min_samples_split': 10}",0.2908,0.287,0.2866,0.2948,0.2924,0.29032,0.0031460451363577104,6
143.89003500938415,1.4948749046602805,0.03409552574157715,0.007660544143360772,9,,4,2,"{'max_depth': 9, 'max_leaf_nodes': None, 'min_samples_leaf': 4, 'min_samples_split': 2}",0.2903,0.2868,0.287,0.2949,0.2925,0.29029999999999995,0.0031349641146271525,8
145.0717209815979,1.6780979418001898,0.04513082504272461,0.005835623929807019,9,,4,5,"{'max_depth': 9, 'max_leaf_nodes': None, 'min_samples_leaf': 4, 'min_samples_split': 5}",0.2906,0.2866,0.287,0.2952,0.2925,0.29038,0.003270718575481544,3
143.210214138031,0.7662301880850594,0.04645347595214844,0.006687489152564921,9,,4,10,"{'max_depth': 9, 'max_leaf_nodes': None, 'min_samples_leaf': 4, 'min_samples_split': 10}",0.2911,0.2866,0.2873,0.2947,0.292,0.29034000000000004,0.0030190064590855043,5
29.801715564727782,0.8440867613471346,0.03063044548034668,0.0024263761248809017,12,5,1,2,"{'max_depth': 12, 'max_leaf_nodes': 5, 'min_samples_leaf': 1, 'min_samples_split': 2}",0.2053,0.2068,0.2016,0.2061,0.2103,0.20602,0.0027924183067728186,73
29.571880912780763,0.6303821498751488,0.026588010787963866,0.005583395339913338,12,5,1,5,"{'max_depth': 12, 'max_leaf_nodes': 5, 'min_samples_leaf': 1, 'min_samples_split': 5}",0.2053,0.2068,0.2016,0.2061,0.2103,0.20602,0.0027924183067728186,73
30.268682432174682,0.6619975714263646,0.02664670944213867,0.0038371779848106235,12,5,1,10,"{'max_depth': 12, 'max_leaf_nodes': 5, 'min_samples_leaf': 1, 'min_samples_split': 10}",0.2053,0.2068,0.2016,0.2061,0.2103,0.20602,0.0027924183067728186,73
31.364803504943847,1.0445973863038156,0.043165063858032225,0.005267524208162473,12,5,2,2,"{'max_depth': 12, 'max_leaf_nodes': 5, 'min_samples_leaf': 2, 'min_samples_split': 2}",0.2053,0.2068,0.2016,0.2061,0.2103,0.20602,0.0027924183067728186,73
32.90778913497925,0.9074439605017623,0.03713569641113281,0.004196617282744026,12,5,2,5,"{'max_depth': 12, 'max_leaf_nodes': 5, 'min_samples_leaf': 2, 'min_samples_split': 5}",0.2053,0.2068,0.2016,0.2061,0.2103,0.20602,0.0027924183067728186,73
33.11732664108276,0.751300051293327,0.04131193161010742,0.007821875853152398,12,5,2,10,"{'max_depth': 12, 'max_leaf_nodes': 5, 'min_samples_leaf': 2, 'min_samples_split': 10}",0.2053,0.2068,0.2016,0.2061,0.2103,0.20602,0.0027924183067728186,73
32.48074359893799,0.9345846771167626,0.04371356964111328,0.006169434168730177,12,5,4,2,"{'max_depth': 12, 'max_leaf_nodes': 5, 'min_samples_leaf': 4, 'min_samples_split': 2}",0.2053,0.2068,0.2016,0.2061,0.2103,0.20602,0.0027924183067728186,73
33.461777973175046,0.8389119485955198,0.044896268844604494,0.007001437547766553,12,5,4,5,"{'max_depth': 12, 'max_leaf_nodes': 5, 'min_samples_leaf': 4, 'min_samples_split': 5}",0.2053,0.2068,0.2016,0.2061,0.2103,0.20602,0.0027924183067728186,73
33.076904964447024,1.0783630445195567,0.036137628555297854,0.005442321172023712,12,5,4,10,"{'max_depth': 12, 'max_leaf_nodes': 5, 'min_samples_leaf': 4, 'min_samples_split': 10}",0.2053,0.2068,0.2016,0.2061,0.2103,0.20602,0.0027924183067728186,73
47.760410118103025,1.075329806685913,0.03308424949645996,0.005688668913333404,12,10,1,2,"{'max_depth': 12, 'max_leaf_nodes': 10, 'min_samples_leaf': 1, 'min_samples_split': 2}",0.237,0.2379,0.2346,0.2404,0.2442,0.23881999999999998,0.0032682717145304805,28
47.05910110473633,1.0685172686426145,0.03598132133483887,0.0035111079264918982,12,10,1,5,"{'max_depth': 12, 'max_leaf_nodes': 10, 'min_samples_leaf': 1, 'min_samples_split': 5}",0.237,0.2379,0.2346,0.2404,0.2442,0.23881999999999998,0.0032682717145304805,28
46.823781204223636,0.793778573147618,0.04119639396667481,0.005700822251436928,12,10,1,10,"{'max_depth': 12, 'max_leaf_nodes': 10, 'min_samples_leaf': 1, 'min_samples_split': 10}",0.237,0.2379,0.2346,0.2404,0.2442,0.23881999999999998,0.0032682717145304805,28
46.788156843185426,0.9828916248542858,0.04229440689086914,0.00759141229266271,12,10,2,2,"{'max_depth': 12, 'max_leaf_nodes': 10, 'min_samples_leaf': 2, 'min_samples_split': 2}",0.237,0.2379,0.2346,0.2404,0.2442,0.23881999999999998,0.0032682717145304805,28
46.5720917224884,0.6831545662281499,0.037507247924804685,0.004119206197400902,12,10,2,5,"{'max_depth': 12, 'max_leaf_nodes': 10, 'min_samples_leaf': 2, 'min_samples_split': 5}",0.237,0.2379,0.2346,0.2404,0.2442,0.23881999999999998,0.0032682717145304805,28
47.0652530670166,1.2556471245076346,0.03486189842224121,0.0076221780422298996,12,10,2,10,"{'max_depth': 12, 'max_leaf_nodes': 10, 'min_samples_leaf': 2, 'min_samples_split': 10}",0.237,0.2379,0.2346,0.2404,0.2442,0.23881999999999998,0.0032682717145304805,28
47.32415146827698,0.9276024390757889,0.036702632904052734,0.004045490600879668,12,10,4,2,"{'max_depth': 12, 'max_leaf_nodes': 10, 'min_samples_leaf': 4, 'min_samples_split': 2}",0.237,0.2379,0.2346,0.2404,0.2442,0.23881999999999998,0.0032682717145304805,28
46.98788480758667,0.5142697160521491,0.030197334289550782,0.0030454392676185693,12,10,4,5,"{'max_depth': 12, 'max_leaf_nodes': 10, 'min_samples_leaf': 4, 'min_samples_split': 5}",0.237,0.2379,0.2346,0.2404,0.2442,0.23881999999999998,0.0032682717145304805,28
46.23810248374939,0.9657790381180925,0.04295353889465332,0.003914637898773643,12,10,4,10,"{'max_depth': 12, 'max_leaf_nodes': 10, 'min_samples_leaf': 4, 'min_samples_split': 10}",0.237,0.2379,0.2346,0.2404,0.2442,0.23881999999999998,0.0032682717145304805,28
262.06376757621763,3.905785392181228,0.03036947250366211,0.010124157258296844,12,,1,2,"{'max_depth': 12, 'max_leaf_nodes': None, 'min_samples_leaf': 1, 'min_samples_split': 2}",0.2782,0.2865,0.2804,0.2881,0.2917,0.28498,0.004982930864461204,14
262.14182262420655,3.243942069742461,0.03293967247009277,0.007197231707504037,12,,1,5,"{'max_depth': 12, 'max_leaf_nodes': None, 'min_samples_leaf': 1, 'min_samples_split': 5}",0.2756,0.2855,0.28,0.2872,0.2903,0.28371999999999997,0.0052601901106328775,18
259.2924252510071,3.184336951874867,0.028857898712158204,0.008131174817547654,12,,1,10,"{'max_depth': 12, 'max_leaf_nodes': None, 'min_samples_leaf': 1, 'min_samples_split': 10}",0.2773,0.2835,0.2836,0.2897,0.2911,0.28504000000000007,0.004955643247853917,13
258.6490374565125,3.59729863996527,0.03364772796630859,0.007976286665201233,12,,2,2,"{'max_depth': 12, 'max_leaf_nodes': None, 'min_samples_leaf': 2, 'min_samples_split': 2}",0.2765,0.2864,0.2804,0.2885,0.2878,0.28392,0.004682477976456473,17
249.55979604721068,14.681480455247263,0.0375302791595459,0.007960827672016509,12,,2,5,"{'max_depth': 12, 'max_leaf_nodes': None, 'min_samples_leaf': 2, 'min_samples_split': 5}",0.2771,0.2836,0.283,0.2888,0.29,0.2845,0.004616492174801115,16
214.16917572021484,0.6351985809887786,0.024904489517211914,0.005955937854435616,12,,2,10,"{'max_depth': 12, 'max_leaf_nodes': None, 'min_samples_leaf': 2, 'min_samples_split': 10}",0.2791,0.285,0.2815,0.2898,0.2891,0.28490000000000004,0.004167973128512232,15
208.4044530391693,1.1185990442656808,0.026120853424072266,0.008588133363367455,12,,4,2,"{'max_depth': 12, 'max_leaf_nodes': None, 'min_samples_leaf': 4, 'min_samples_split': 2}",0.2791,0.2847,0.2836,0.2898,0.2892,0.28528000000000003,0.003928052952799895,12
206.85433950424195,1.0932808030911694,0.024595880508422853,0.01107577932394325,12,,4,5,"{'max_depth': 12, 'max_leaf_nodes': None, 'min_samples_leaf': 4, 'min_samples_split': 5}",0.2792,0.285,0.2834,0.2918,0.2902,0.28592,0.004587984306860699,11
204.54591794013976,0.8923380885335211,0.020148468017578126,0.004141963852145297,12,,4,10,"{'max_depth': 12, 'max_leaf_nodes': None, 'min_samples_leaf': 4, 'min_samples_split': 10}",0.2789,0.2862,0.2843,0.2913,0.2915,0.28644,0.004705571166181638,10
